Original,Generated,task,model,turn
"(|QQQE) 2.2 In obese patients with T2DM requiring insulin therapy, we suggest adding at least one of the following: metformin, pramlintide, or GLP- agonists to mitigate associated weight gain due to insulin.","For patients with type 2 diabetes struggling with insulin-related weight gain, adding medications such as metformin, pramlintide, or GLP-1 agonists can help mitigate the side effect.",news,gemini-3.1-flash-lite,1
"A woman who has large lips, suggesting a strong mating potential, with average length and width ratios will always be more attractive than a woman with narrow lips and average length and width ratios.","New research suggests that women with fuller lips are perceived as more attractive than those with thinner ones, a finding researchers attribute to evolutionary cues signaling reproductive potential.",news,gemini-3.1-flash-lite,1
"After randomization, 4 patients were lost to follow-up, all after month 18, and 1 withdrew due to an adverse event.","Of the patients randomized for the study, five were ultimately excluded from the final analysis—four due to attrition after the 18-month mark and one following a withdrawal prompted by an adverse reaction.",news,gemini-3.1-flash-lite,1
"Although our analyses suggest that adherence to new ACC/AHA statin eligibility guidelines may prove beneficial for the reduction of future cardiovascular events compared with using the ATP III guidelines, the absolute event risk of statinnoneligible adults is not much lower with the ACC/AHA guidelines (1.0%) compared with the ATP III guidelines (2.4%), and the larger benefit may be that the ACC/AHA guidelines identify many more statin-eligible participants with a similarly high event rate as the ATP III guidelines (6.3% vs 6.9%).","New cardiovascular guidelines identify a significantly larger pool of patients at high risk for heart disease, potentially preventing more events than previous standards despite only marginal improvements in absolute risk reduction for those deemed ineligible.",news,gemini-3.1-flash-lite,1
"As expected, we identified sequence changes in the TP53 tumor suppressor gene, a wellknown driver gene in HGSOC, in all cases.","Researchers confirmed that mutations in the TP53 tumor suppressor gene were present in every case of high-grade serous ovarian cancer studied, reinforcing the gene's role as a universal driver of the disease.",news,gemini-3.1-flash-lite,1
"As racial inequities in educational opportunities decreased, near-work exposure may have increased relatively more in black participants than in white participants.","As racial disparities in educational access have narrowed, Black students have experienced a disproportionate increase in near-work activities, a shift that may be influencing emerging trends in vision health.",news,gemini-3.1-flash-lite,1
"Based on these and other findings, we suggest that vocal learning and the ability to exercise volitional control over vocalization, particularly in a multimodal context, might have figured relatively early into the evolution of language, with some rudimentary capacity in place at the time of our last common ancestor with great apes.","New research suggests that the evolutionary roots of human language, specifically the ability to control vocalization, may trace back much further than previously thought, emerging in the common ancestor we share with great apes.",news,gemini-3.1-flash-lite,1
"Body nutrient content and trophic position explained little of the variation in E N , E P , or E NP , indicating limited applicability of basic predictors of EST.","New research suggests that traditional ecological indicators, such as nutrient content and position in the food web, are surprisingly poor predictors of how organisms process energy and nutrients.",news,gemini-3.1-flash-lite,1
Buffering against acidification or inhibiting lactic acid production fully rescues circadian oscillation.,Scientists have discovered that neutralizing acidity or blocking the production of lactic acid can fully restore the body’s internal biological clock.,news,gemini-3.1-flash-lite,1
"Flow cytometry analysis demonstrated that EC-MSCs expressed CD90, CD105, and CD73, while being negative for the leukocyte common antigen CD45.",Researchers have identified a specific profile of surface markers on endothelial-derived mesenchymal stem cells that distinguishes them from common blood cells.,news,gemini-3.1-flash-lite,1
"Furthermore, we observed excellent tumor accumulation of the nanoparticles.","In our study, the nanoparticles showed strong accumulation in tumors.",news,gpt-5-nano,3
"Given these results, it is possible that TAF2 overexpression could increase transcription of C-SRC in some ovarian tumors.",Researchers report that higher levels of TAF2 may boost transcription of the C-SRC gene in some ovarian tumors.,news,gpt-5-nano,3
"Hence, the identification of the relevant molecular mediators of this form of plasticity may offer novel therapeutic strategies to recover from deficits in perception, learning, and memory associated with a repertoire of diseases.","Identifying the molecular mediators of this form of plasticity could uncover new therapeutic targets to help reverse perception, learning, and memory deficits seen across a range of diseases.",news,gpt-5-nano,3
"Heritability estimates for behavioral traits, typically between 30% and 50%, are by far the largest effect sizes in psychological science.","Across psychological science, heritability estimates for behavioral traits—commonly reported in the 30% to 50% range—rank among the largest effect sizes documented.",news,gpt-5-nano,3
"I/R also increased the release of cytochrome c and down-regulated the phosphorylation of PI3K, Akt and GSK-3β in the aging rat hearts.","In aging rat hearts, ischemia-reperfusion both increased cytochrome c release and diminished phosphorylation of the PI3K–Akt–GSK-3β signaling pathway.",news,gpt-5-nano,3
"If a birth is a positive life event, the happiness response to having a child may be strongest when the event is first experienced.","The study found that when becoming a parent is viewed as a positive life event, people’s happiness reaches its highest point at the moment they first experience it.",news,gpt-5-nano,3
Immunofluorescence analysis showed a high percentage of positive cells for OCT-4 and SSEA-1.,Immunofluorescence staining revealed that a substantial proportion of cells expressed the pluripotency markers OCT-4 and SSEA-1.,news,gpt-5-nano,3
"Importantly, this finding demonstrates that humans are not unique in combining longer-term personality biases with shorterterm mood biases in judging stimuli .","The study finds that when people evaluate stimuli, they blend enduring personality traits with momentary mood states, suggesting that the resulting bias is not confined to any single psychological factor.",news,gpt-5-nano,3
"In conclusion, these results demonstrate that exogenous H 2 S recovers PC-induced cardioprotection via inhibition of oxidative stress and up-regulation of PI3K-Akt-GSK-3β pathway in the aging rat hearts.","In aging rat hearts, administering hydrogen sulfide restored cardioprotection against propylcarbamate-induced injury by reducing oxidative stress and activating the PI3K–Akt–GSK-3β signaling pathway.",news,gpt-5-nano,3
"In spite of its limitations, the present findings reveal indicators that may be useful for identifying children and adolescents at greater risk of psychiatric hospitalization as well as offer potential targets for individual and family intervention aimed at reducing the likelihood of requiring acute psychiatric services.","Despite its limitations, the study found signals that could help identify children and adolescents at higher risk of psychiatric hospitalization and point to targets for individualized and family-based interventions aimed at reducing dependence on acute psychiatric care.",news,gpt-5-nano,3
"Furthermore, we observed excellent tumor accumulation of the nanoparticles.","Researchers have successfully engineered nanoparticles that demonstrate a remarkable ability to accumulate within tumor sites, potentially paving the way for more precise cancer treatments.",news,gemini-3.1-flash-lite,1
"Given these results, it is possible that TAF2 overexpression could increase transcription of C-SRC in some ovarian tumors.",New research suggests that the overexpression of the protein TAF2 may drive the progression of certain ovarian tumors by fueling the activity of the cancer-promoting gene C-SRC.,news,gemini-3.1-flash-lite,1
"Hence, the identification of the relevant molecular mediators of this form of plasticity may offer novel therapeutic strategies to recover from deficits in perception, learning, and memory associated with a repertoire of diseases.","By identifying the molecular mechanisms that drive brain plasticity, researchers may unlock new therapeutic pathways to restore cognitive and sensory functions lost to disease.",news,gemini-3.1-flash-lite,1
"Heritability estimates for behavioral traits, typically between 30% and 50%, are by far the largest effect sizes in psychological science.","Genetic inheritance accounts for a larger share of human behavioral variation than any other factor studied in psychology, typically explaining 30 to 50 percent of individual differences.",news,gemini-3.1-flash-lite,1
"I/R also increased the release of cytochrome c and down-regulated the phosphorylation of PI3K, Akt and GSK-3β in the aging rat hearts.","In aging rat hearts, ischemia-reperfusion injury triggers a cascade of cellular damage by releasing cytochrome c and suppressing key survival signaling pathways.",news,gemini-3.1-flash-lite,1
"If a birth is a positive life event, the happiness response to having a child may be strongest when the event is first experienced.","While the arrival of a first child often triggers a profound surge in parental happiness, that emotional peak tends to diminish with the birth of subsequent children.",news,gemini-3.1-flash-lite,1
Immunofluorescence analysis showed a high percentage of positive cells for OCT-4 and SSEA-1.,"Researchers have identified a significant population of cells expressing the markers OCT-4 and SSEA-1, a finding that suggests the presence of undifferentiated stem cells.",news,gemini-3.1-flash-lite,1
"Importantly, this finding demonstrates that humans are not unique in combining longer-term personality biases with shorterterm mood biases in judging stimuli .",A new study reveals that humans are not alone in the animal kingdom in filtering their perceptions through a complex blend of long-term personality traits and fleeting moods.,news,gemini-3.1-flash-lite,1
"In conclusion, these results demonstrate that exogenous H 2 S recovers PC-induced cardioprotection via inhibition of oxidative stress and up-regulation of PI3K-Akt-GSK-3β pathway in the aging rat hearts.",Researchers have discovered that hydrogen sulfide can rejuvenate the aging heart by activating key survival pathways and neutralizing the oxidative stress that typically impairs cardiac function.,news,gemini-3.1-flash-lite,1
"In spite of its limitations, the present findings reveal indicators that may be useful for identifying children and adolescents at greater risk of psychiatric hospitalization as well as offer potential targets for individual and family intervention aimed at reducing the likelihood of requiring acute psychiatric services.","Researchers have identified new clinical markers that could help predict which young people are at the highest risk of psychiatric hospitalization, potentially paving the way for targeted interventions to prevent acute crises.",news,gemini-3.1-flash-lite,1
"In the same period, animal feed imports have increased 49 times, total ammonia and GHG emissions to the atmosphere doubled, and nitrogen losses to watercourses tripled.","During the same period, animal feed imports surged 49-fold, while atmospheric ammonia and greenhouse-gas emissions doubled and nitrogen losses to waterways tripled.",news,gpt-5-nano,3
"LY294002 (a PI3K inhibitor) abolished but N-acetyl-cysteine (NAC, an inhibitor of reactive oxygen species, ROS) further enhanced the protective role of H 2 S against I/R induced myocardial damage in the aging hearts.","In aged hearts subjected to ischemia-reperfusion injury, the PI3K inhibitor LY294002 eliminated hydrogen sulfide’s cardioprotective benefits, while the reactive oxygen species scavenger N-acetylcysteine (NAC) further amplified them.",news,gpt-5-nano,3
Meaning Reducing exposures of pregnant women to environmental nitric oxide may be associated with a reduction in autism spectrum disorder incidence in their children.,A new study finds that reducing pregnant women’s exposure to environmental nitric oxide may be linked to a lower risk of autism spectrum disorder in their children.,news,gpt-5-nano,3
Mindfulness research in general could benefit from employing the SOBC experimental medicine approach.,Researchers say that applying the SOBC experimental medicine framework could make mindfulness studies more rigorous.,news,gpt-5-nano,3
Multivariable population-attributable risk proportions were 14.2% for deployment within the first 12 months of service and 4.0% for DT of 6 months or less.,The multivariable population-attributable risk was 14.2% for deployments within the first 12 months of service and 4.0% for durations of DT of 6 months or less.,news,gpt-5-nano,3
Our data show that social engagement in zebrafish requires a behavioral visual stimulus provided by another socially engaged fish.,"In zebrafish, social engagement depends on a visual cue emitted by another actively social fish.",news,gpt-5-nano,3
Our findings suggest that screening could be beneficial in patients with neuropathy.,A new study suggests that routine screening could detect neuropathy earlier and improve outcomes for patients.,news,gpt-5-nano,3
Our results support the hypothesis that female mate choice could have driven the evolution of larger penises in humans.,A new study suggests that female mate choice may have helped drive the evolution of larger penises in humans.,news,gpt-5-nano,3
Our strategy may provide an approach to improving the therapeutic indices of aptamer-based medicines.,A new strategy could improve the effectiveness of aptamer-based medicines by expanding their therapeutic index.,news,gpt-5-nano,3
"Over a third (42.4%) of students prescribed a short-acting β2-agonist inhaler felt uncomfortable using it at school, and 29.2% (n = 173) reported not using this inhaler when wheezy.","In a survey of students prescribed short-acting β2-agonist inhalers, 42.4% reported feeling uncomfortable using them at school, and 29.2% (n=173) said they did not use the inhaler when wheezy.",news,gpt-5-nano,3
"In the same period, animal feed imports have increased 49 times, total ammonia and GHG emissions to the atmosphere doubled, and nitrogen losses to watercourses tripled.","Over the same period, a 49-fold surge in animal feed imports has fueled a doubling of atmospheric greenhouse gas emissions and a tripling of nitrogen pollution in the nation’s waterways.",news,gemini-3.1-flash-lite,1
"LY294002 (a PI3K inhibitor) abolished but N-acetyl-cysteine (NAC, an inhibitor of reactive oxygen species, ROS) further enhanced the protective role of H 2 S against I/R induced myocardial damage in the aging hearts.","While blocking the PI3K pathway nullified the protective effects of hydrogen sulfide on aging hearts following ischemic injury, neutralizing reactive oxygen species with N-acetyl-cysteine unexpectedly bolstered that same defense.",news,gemini-3.1-flash-lite,1
Meaning Reducing exposures of pregnant women to environmental nitric oxide may be associated with a reduction in autism spectrum disorder incidence in their children.,"Reducing pregnant women’s exposure to environmental nitric oxide may lower the risk of their children developing autism spectrum disorder, according to new research.",news,gemini-3.1-flash-lite,1
Mindfulness research in general could benefit from employing the SOBC experimental medicine approach.,"Adopting the experimental medicine framework could provide the rigorous, mechanism-based foundation that mindfulness research has long lacked.",news,gemini-3.1-flash-lite,1
Multivariable population-attributable risk proportions were 14.2% for deployment within the first 12 months of service and 4.0% for DT of 6 months or less.,"A new study suggests that deploying soldiers within their first year of service accounts for more than 14 percent of the population-attributable risk for certain adverse outcomes, highlighting the potential dangers of rushing new recruits into combat zones.",news,gemini-3.1-flash-lite,1
Our data show that social engagement in zebrafish requires a behavioral visual stimulus provided by another socially engaged fish.,"New research reveals that zebrafish require the visual cue of a socially active peer to trigger their own engagement, suggesting that social behavior in the species is a contagious, observation-based phenomenon.",news,gemini-3.1-flash-lite,1
Our findings suggest that screening could be beneficial in patients with neuropathy.,New research suggests that implementing routine screenings for patients with neuropathy could significantly improve clinical outcomes.,news,gemini-3.1-flash-lite,1
Our results support the hypothesis that female mate choice could have driven the evolution of larger penises in humans.,New research suggests that female mate preference may have been a primary evolutionary driver behind the development of larger penises in humans.,news,gemini-3.1-flash-lite,1
Our strategy may provide an approach to improving the therapeutic indices of aptamer-based medicines.,Researchers have developed a new strategy that could enhance the safety and efficacy of aptamer-based therapies.,news,gemini-3.1-flash-lite,1
"Over a third (42.4%) of students prescribed a short-acting β2-agonist inhaler felt uncomfortable using it at school, and 29.2% (n = 173) reported not using this inhaler when wheezy.","Nearly one-third of students prescribed rescue inhalers for asthma avoid using them at school even when experiencing symptoms, a new study finds, highlighting a significant barrier to managing the condition in the classroom.",news,gemini-3.1-flash-lite,1
Promotion of lactation may be an effective tool for reducing occurrence of the subtypes that contribute disproportionately to breast cancer mortality.,Promoting lactation may reduce the risk of breast cancer subtypes responsible for a disproportionate share of mortality.,news,gpt-5-nano,3
RNA sequencing expression profiling revealed that expression of 456 identified genes was significantly changed in the tumor due to walnut consumption.,RNA sequencing showed that eating walnuts significantly altered the expression of 456 genes in tumors.,news,gpt-5-nano,3
"Rather, we suggest that cheetah chases comprise two primary phases: (i) an initial rapid acceleration resulting in high speed to quickly catch up with prey, followed by (ii) a prey-specific slowing period that enables the cheetah to match turns instigated by prey as the distance between them closes.","The study finds that cheetah hunts usually unfold in two phases: a rapid acceleration to close the gap, followed by a prey-specific slowdown that allows the predator to better match the prey’s turns as the distance shrinks.",news,gpt-5-nano,3
"Results suggest that the KFRE could be incorporated into the clinical care of children with CKD to aid in anticipatory guidance, timing of referral for transplant evaluation, and planning for dialysis access.","The study suggests that the KFRE could be integrated into pediatric chronic kidney disease care to guide anticipatory counseling, improve the timing of referral for transplant evaluation, and support planning for dialysis access.",news,gpt-5-nano,3
Such ubiquitous BP monitoring may improve hypertension awareness and control rates and thereby help reduce the incidence of cardiovascular disease and mortality.,"Widespread blood-pressure monitoring could boost awareness and improve hypertension control, potentially lowering rates of cardiovascular disease and death.",news,gpt-5-nano,3
"Supply of NaHS not only increased PC-induced cardioprotection in the young hearts, but also lightened I/R induced-myocardial damage and significantly recovered the cardioprotective role of PC against I/R induced myocardial damage in the aging hearts.","Sodium hydrosulfide (NaHS) enhanced preconditioning–driven protection and reduced ischemia–reperfusion injury in both young and aging hearts, effectively restoring the cardioprotective benefits of preconditioning in older hearts.",news,gpt-5-nano,3
"Taken together, these results suggest that this method of complying with a sugary-drink portion limit could have the perverse effect of increasing consumption.","Taken together, the findings suggest that capping sugary-drink portion sizes could backfire by encouraging people to drink more overall.",news,gpt-5-nano,3
"The biggest spike in Monterrey (7,027 tweets) occurred on August 25, 2011, the day of an attack at a casino where 53 people were killed .","In Monterrey, the largest surge in social media activity—7,027 tweets—peaked on August 25, 2011, the day a casino attack killed 53 people.",news,gpt-5-nano,3
The current study is the first to demonstrate that HS students are using e-cigarettes to vaporize cannabis.,"A new study finds that some high school students are using e-cigarettes to vaporize cannabis, offering the first evidence of the practice.",news,gpt-5-nano,3
"The effects of type 2 diabetes and poor metabolic health at midlife, and the impact of accrual of cerebrovascular lesions at older age, both deserve further study to inform preventative efforts against dementia.",Further research is needed to clarify how midlife type 2 diabetes and metabolic health influence dementia risk and whether later-life accumulation of cerebrovascular lesions drives cognitive decline.,news,gpt-5-nano,3
Promotion of lactation may be an effective tool for reducing occurrence of the subtypes that contribute disproportionately to breast cancer mortality.,Encouraging breastfeeding could serve as a powerful public health strategy to lower the incidence of the most lethal forms of breast cancer.,news,gemini-3.1-flash-lite,1
RNA sequencing expression profiling revealed that expression of 456 identified genes was significantly changed in the tumor due to walnut consumption.,"A study has found that walnut consumption significantly alters the expression of 456 genes within tumors, suggesting a potential link between diet and molecular changes in cancer.",news,gemini-3.1-flash-lite,1
"Rather, we suggest that cheetah chases comprise two primary phases: (i) an initial rapid acceleration resulting in high speed to quickly catch up with prey, followed by (ii) a prey-specific slowing period that enables the cheetah to match turns instigated by prey as the distance between them closes.","Cheetahs capture their prey through a two-stage tactical maneuver, combining an initial burst of high-speed acceleration with a calculated deceleration phase that allows them to mirror the evasive turns of their target.",news,gemini-3.1-flash-lite,1
"Results suggest that the KFRE could be incorporated into the clinical care of children with CKD to aid in anticipatory guidance, timing of referral for transplant evaluation, and planning for dialysis access.","A new study suggests that integrating the Kidney Failure Risk Equation into pediatric care could help doctors better time life-saving interventions, such as dialysis planning and transplant evaluations, for children with chronic kidney disease.",news,gemini-3.1-flash-lite,1
Such ubiquitous BP monitoring may improve hypertension awareness and control rates and thereby help reduce the incidence of cardiovascular disease and mortality.,Widespread blood pressure monitoring could significantly curb cardiovascular disease and mortality by improving the detection and management of hypertension.,news,gemini-3.1-flash-lite,1
"Supply of NaHS not only increased PC-induced cardioprotection in the young hearts, but also lightened I/R induced-myocardial damage and significantly recovered the cardioprotective role of PC against I/R induced myocardial damage in the aging hearts.","A new study finds that supplementing with the compound NaHS can restore the heart’s natural resilience to injury, offering a potential strategy to protect aging cardiovascular tissue from the damage caused by restricted blood flow.",news,gemini-3.1-flash-lite,1
"Taken together, these results suggest that this method of complying with a sugary-drink portion limit could have the perverse effect of increasing consumption.","New research suggests that efforts to curb sugary-drink consumption through portion limits may backfire, inadvertently leading people to drink more.",news,gemini-3.1-flash-lite,1
"The biggest spike in Monterrey (7,027 tweets) occurred on August 25, 2011, the day of an attack at a casino where 53 people were killed .","On August 25, 2011, the day a deadly casino attack claimed 53 lives in Monterrey, social media activity surged to a record 7,027 tweets.",news,gemini-3.1-flash-lite,1
The current study is the first to demonstrate that HS students are using e-cigarettes to vaporize cannabis.,"A new study has found that high school students are increasingly using e-cigarettes as a delivery system for vaporizing cannabis, marking the first time researchers have documented the trend.",news,gemini-3.1-flash-lite,1
"The effects of type 2 diabetes and poor metabolic health at midlife, and the impact of accrual of cerebrovascular lesions at older age, both deserve further study to inform preventative efforts against dementia.","New research suggests that addressing metabolic health and type 2 diabetes during midlife, alongside monitoring cerebrovascular damage in later years, may be critical to preventing the onset of dementia.",news,gemini-3.1-flash-lite,1
"The higher the warming level is, the larger is the increase of burned area, ranging from~40% to~100% across the scenarios.","Across climate scenarios, higher levels of warming are linked to substantially larger increases in the area burned, ranging from roughly 40% to 100%.",news,gpt-5-nano,3
"The total number of amputations amounted to 2,832, of which 1,285 were among individuals with diabetes and 1,547 among individuals without diabetes.","In the study population, there were 2,832 total amputations, including 1,285 among people with diabetes and 1,547 among those without.",news,gpt-5-nano,3
The unexpected morphology suggests that the role of the magnetic field in the accretion of a T Tauri star is more complex than our current theoretical understanding.,A surprising new study suggests that magnetic fields may shape how T Tauri stars accrete material in ways more complex than current theories predict.,news,gpt-5-nano,3
The variation of the composition of the oxides allows tailoring the Li-storage properties of the active material.,Researchers report that adjusting the composition of a material’s oxide components allows scientists to precisely tune how effectively it can store lithium.,news,gpt-5-nano,3
These findings suggest new therapeutic options for clinical populations that receive little benefit from conventional sensory rehabilitation strategies.,The results point to promising new treatment avenues for clinical populations that have historically seen limited benefit from conventional sensory rehabilitation approaches.,news,gpt-5-nano,3
"These findings suggest that patients with AVH have the ability to alter activity and connectivity in speech and language regions, and raise the possibility that rtfMRI-NF training could present a novel therapeutic intervention in SCZ.","A new study reports that people who experience auditory verbal hallucinations show altered activity and connectivity in the brain’s speech and language networks, raising the possibility that real-time fMRI neurofeedback could become a novel treatment approach for schizophrenia.",news,gpt-5-nano,3
These models suggest opossum expansion may be facilitated by agricultural land development and at the same time be limited by their inability to forage in snow.,"Modeling suggests that expanding agricultural land could enable opossums to move into new regions, though their limited ability to forage in snowy conditions may constrain how far they can spread.",news,gpt-5-nano,3
These results suggest that processing juveniles in the adult system may not uniformly increase offending and may reduce offending in some circumstances.,"A new study finds that moving juveniles into adult court does not reliably increase offending and, in some cases, may actually reduce it.",news,gpt-5-nano,3
"This is despite climate change and anthropogenic transformations of local flora and fauna, including changes in agricultural practices , which might have favored the introduction of landraces from other regions that were better adapted to the changing agricultural environment.","Researchers say that as climate change and human-altered ecosystems reshape local plants, animals, and farming practices, the resulting new conditions may also create opportunities to introduce landraces from other regions better adapted to the evolving agricultural landscape.",news,gpt-5-nano,3
This study demonstrated that a viable stem cell population can be isolated and expanded from equine cadaver ligaments up to 72 hours post-mortem.,Researchers report that viable stem cells can be isolated and expanded from equine ligament tissue collected as late as 72 hours after death.,news,gpt-5-nano,3
"The higher the warming level is, the larger is the increase of burned area, ranging from~40% to~100% across the scenarios.","As global temperatures climb, the amount of land scorched by wildfires is projected to surge by as much as 100 percent, depending on the severity of future warming.",news,gemini-3.1-flash-lite,1
"The total number of amputations amounted to 2,832, of which 1,285 were among individuals with diabetes and 1,547 among individuals without diabetes.","A new study reveals that of the 2,832 total amputations recorded, patients without diabetes accounted for a slightly larger share of the procedures than those living with the disease.",news,gemini-3.1-flash-lite,1
The unexpected morphology suggests that the role of the magnetic field in the accretion of a T Tauri star is more complex than our current theoretical understanding.,The discovery of an unexpected stellar shape suggests that magnetic fields play a far more intricate role in the birth of young stars than current theories account for.,news,gemini-3.1-flash-lite,1
The variation of the composition of the oxides allows tailoring the Li-storage properties of the active material.,"By fine-tuning the chemical composition of oxide materials, researchers can precisely calibrate their ability to store lithium, potentially paving the way for more efficient battery technologies.",news,gemini-3.1-flash-lite,1
These findings suggest new therapeutic options for clinical populations that receive little benefit from conventional sensory rehabilitation strategies.,The findings offer a potential breakthrough for patients who have historically struggled to find relief through traditional sensory rehabilitation.,news,gemini-3.1-flash-lite,1
"These findings suggest that patients with AVH have the ability to alter activity and connectivity in speech and language regions, and raise the possibility that rtfMRI-NF training could present a novel therapeutic intervention in SCZ.",New research suggests that patients with auditory verbal hallucinations may be able to retrain their own brain activity to potentially alleviate symptoms of schizophrenia.,news,gemini-3.1-flash-lite,1
These models suggest opossum expansion may be facilitated by agricultural land development and at the same time be limited by their inability to forage in snow.,"While agricultural development has paved the way for the opossum’s northward expansion, the species remains tethered to milder climates by its inability to forage in deep snow.",news,gemini-3.1-flash-lite,1
These results suggest that processing juveniles in the adult system may not uniformly increase offending and may reduce offending in some circumstances.,"A new study suggests that prosecuting juveniles as adults does not consistently lead to higher recidivism rates and may, in certain circumstances, actually deter future criminal behavior.",news,gemini-3.1-flash-lite,1
"This is despite climate change and anthropogenic transformations of local flora and fauna, including changes in agricultural practices , which might have favored the introduction of landraces from other regions that were better adapted to the changing agricultural environment.","Despite the pressures of climate change and human-driven ecological shifts, local agricultural landscapes have proven remarkably resilient, often by integrating better-adapted crop varieties from other regions.",news,gemini-3.1-flash-lite,1
This study demonstrated that a viable stem cell population can be isolated and expanded from equine cadaver ligaments up to 72 hours post-mortem.,"Researchers have discovered that viable stem cells can be harvested from horse ligaments up to three days after death, a finding that could transform regenerative veterinary medicine.",news,gemini-3.1-flash-lite,1
"Thus, all 3 versions of DBT were comparably effective at reducing suicidality among individuals at high risk for suicide.","In a study of people at high risk for suicide, researchers found that all three versions of dialectical behavior therapy were similarly effective in reducing suicidality.",news,gpt-5-nano,3
"Thus, investigations of the neurochemistry of social bonding in humans, for which this study provides initial evidence, are warranted.","The study provides early evidence that advances understanding of the neurochemistry underlying human social bonding, highlighting the need for further research.",news,gpt-5-nano,3
"Together, these results appear to suggest that avoiding car driving may be beneficial to wellbeing.","Taken together, the findings suggest that cutting back on car travel could improve people’s wellbeing.",news,gpt-5-nano,3
We also demonstrate a two-qubit holonomic gate to show universality by manipulating the electron−nucleus entanglement.,"Researchers report a universal two-qubit holonomic quantum gate achieved by coherently controlling electron–nucleus entanglement, allowing the system to carry out arbitrary quantum operations.",news,gpt-5-nano,3
"We propose that the increased expression of Munc13-4 in cancer cells after epithelial-to-mesenchymal transition combined with increased Ca 2+ uptake drives enhanced exosome release by highly aggressive cancer cells, and that Munc13-4 is a potential target for therapeutic intervention.","The study finds that after epithelial-to-mesenchymal transition, cancer cells boost Munc13-4 expression and calcium uptake to promote exosome release in highly aggressive tumors, suggesting Munc13-4 as a potential therapeutic target.",news,gpt-5-nano,3
"We show that mitochondrial dysfunctions altered the hypothalamicpituitary-adrenal axis, sympathetic adrenal-medullary activation and catecholamine levels, the inflammatory cytokine IL-6, circulating metabolites, and hippocampal gene expression responses to stress.","The study found that mitochondrial dysfunction deranges the brain’s stress-control circuitry—disrupting the hypothalamic-pituitary-adrenal axis and sympathetic adrenal-medullary signaling—and thereby reshapes catecholamine and interleukin-6 levels, circulating metabolites, and hippocampal gene-expression responses to stress.",news,gpt-5-nano,3
We show that this single meal had an overall and long-lasting impact.,A single meal was found to set off a broad biological response that can last for an extended period.,news,gpt-5-nano,3
"We suggest that humans notice when magpies occasionally pick up shiny objects because they believe the birds find them attractive, while it goes unnoticed when magpies interact with less eye-catching items.","The study finds that people are more likely to notice magpies collecting shiny objects, apparently because the birds’ behavior is interpreted as attraction, while interactions with less eye-catching items often go unnoticed.",news,gpt-5-nano,3
"With efficient product use and harvesting, more CO 2 is saved in the avoided emissions, products, and wood energy than is lost instantaneously from the harvested forest.","With efficient product use and harvesting, the carbon dioxide avoided by emissions reductions in products and wood energy exceeds the carbon released immediately when forests are harvested.",news,gpt-5-nano,3
"Within 1 year, 845 patients died and 385 were rehospitalized for MI.","Within a year, 845 patients died and 385 were rehospitalized for myocardial infarction.",news,gpt-5-nano,3
"Thus, all 3 versions of DBT were comparably effective at reducing suicidality among individuals at high risk for suicide.",A new study has found that three different versions of dialectical behavior therapy are equally effective at reducing suicide risk among vulnerable patients.,news,gemini-3.1-flash-lite,1
"Thus, investigations of the neurochemistry of social bonding in humans, for which this study provides initial evidence, are warranted.","New research offers a preliminary look at the neurochemical underpinnings of human social bonding, opening a new frontier in the study of our most fundamental connections.",news,gemini-3.1-flash-lite,1
"Together, these results appear to suggest that avoiding car driving may be beneficial to wellbeing.",A growing body of research suggests that trading the driver’s seat for alternative modes of transit may offer a significant boost to personal well-being.,news,gemini-3.1-flash-lite,1
We also demonstrate a two-qubit holonomic gate to show universality by manipulating the electron−nucleus entanglement.,Researchers have achieved a milestone in quantum computing by demonstrating a universal two-qubit gate that harnesses the entanglement between electrons and nuclei.,news,gemini-3.1-flash-lite,1
"We propose that the increased expression of Munc13-4 in cancer cells after epithelial-to-mesenchymal transition combined with increased Ca 2+ uptake drives enhanced exosome release by highly aggressive cancer cells, and that Munc13-4 is a potential target for therapeutic intervention.","Researchers have identified a protein that, when triggered by cellular transformation, accelerates the spread of aggressive cancers, offering a promising new target for therapeutic intervention.",news,gemini-3.1-flash-lite,1
"We show that mitochondrial dysfunctions altered the hypothalamicpituitary-adrenal axis, sympathetic adrenal-medullary activation and catecholamine levels, the inflammatory cytokine IL-6, circulating metabolites, and hippocampal gene expression responses to stress.","New research reveals that mitochondrial dysfunction triggers a systemic biological cascade, disrupting the body’s stress response systems, inflammatory markers, and gene expression in the brain.",news,gemini-3.1-flash-lite,1
We show that this single meal had an overall and long-lasting impact.,"A single meal can exert a profound and enduring influence on the body’s long-term health, according to new research.",news,gemini-3.1-flash-lite,1
"We suggest that humans notice when magpies occasionally pick up shiny objects because they believe the birds find them attractive, while it goes unnoticed when magpies interact with less eye-catching items.","The common perception that magpies are drawn to shiny objects is likely a product of human confirmation bias, as we tend to overlook the birds' interactions with mundane items while fixating on their rare encounters with glitter.",news,gemini-3.1-flash-lite,1
"With efficient product use and harvesting, more CO 2 is saved in the avoided emissions, products, and wood energy than is lost instantaneously from the harvested forest.","When managed efficiently, the carbon benefits of harvested wood products and renewable energy can outweigh the immediate emissions released during the logging process.",news,gemini-3.1-flash-lite,1
"Within 1 year, 845 patients died and 385 were rehospitalized for MI.","Over the course of a single year, 845 patients died and 385 were readmitted to the hospital following a heart attack.",news,gemini-3.1-flash-lite,1
"(|QQQE) 2.2 In obese patients with T2DM requiring insulin therapy, we suggest adding at least one of the following: metformin, pramlintide, or GLP- agonists to mitigate associated weight gain due to insulin.","In obese adults with type 2 diabetes who require insulin, adding metformin, pramlintide, or a GLP-1 receptor agonist may lessen insulin-associated weight gain.",news,gpt-5-nano,3
"A woman who has large lips, suggesting a strong mating potential, with average length and width ratios will always be more attractive than a woman with narrow lips and average length and width ratios.","In a study that controlled for typical lip proportions, women with longer lips—an indicator of perceived mating potential—were rated as more attractive than women with narrower lips.",news,gpt-5-nano,3
"After randomization, 4 patients were lost to follow-up, all after month 18, and 1 withdrew due to an adverse event.","After randomization, four participants were lost to follow-up after month 18, and one withdrew from the study due to an adverse event.",news,gpt-5-nano,3
"Although our analyses suggest that adherence to new ACC/AHA statin eligibility guidelines may prove beneficial for the reduction of future cardiovascular events compared with using the ATP III guidelines, the absolute event risk of statinnoneligible adults is not much lower with the ACC/AHA guidelines (1.0%) compared with the ATP III guidelines (2.4%), and the larger benefit may be that the ACC/AHA guidelines identify many more statin-eligible participants with a similarly high event rate as the ATP III guidelines (6.3% vs 6.9%).","Using newer ACC/AHA statin eligibility guidelines instead of the older ATP III criteria could avert more future cardiovascular events by expanding the pool of statin-eligible adults who face similarly high event rates (6.3% vs. 6.9%), despite only modestly lower risk among those who would still be ineligible (1.0% vs. 2.4%).",news,gpt-5-nano,3
"As expected, we identified sequence changes in the TP53 tumor suppressor gene, a wellknown driver gene in HGSOC, in all cases.","As expected, TP53 sequence alterations were found in all cases, reinforcing the gene’s well-established role as a key driver of high-grade serous ovarian cancer.",news,gpt-5-nano,3
"As racial inequities in educational opportunities decreased, near-work exposure may have increased relatively more in black participants than in white participants.","As racial disparities in educational opportunities narrowed, Black participants experienced a larger increase in near-work exposure than White participants.",news,gpt-5-nano,3
"Based on these and other findings, we suggest that vocal learning and the ability to exercise volitional control over vocalization, particularly in a multimodal context, might have figured relatively early into the evolution of language, with some rudimentary capacity in place at the time of our last common ancestor with great apes.",Researchers say that the evolutionary origins of language may trace back to early capacities for learning vocal sounds and voluntarily controlling them—especially in multimodal settings—potentially appearing in rudimentary form in the last common ancestor shared with today’s great apes.,news,gpt-5-nano,3
"Body nutrient content and trophic position explained little of the variation in E N , E P , or E NP , indicating limited applicability of basic predictors of EST.","Body nutrient composition and trophic position accounted for little of the variation in nitrogen, phosphorus, or their combined stoichiometry, suggesting that the ecosystem’s core stoichiometric predictors have limited ability to explain these differences.",news,gpt-5-nano,3
Buffering against acidification or inhibiting lactic acid production fully rescues circadian oscillation.,Inhibiting lactic acid production or buffering against acidification fully restores circadian rhythms.,news,gpt-5-nano,3
"Flow cytometry analysis demonstrated that EC-MSCs expressed CD90, CD105, and CD73, while being negative for the leukocyte common antigen CD45.","Flow cytometry showed that endothelial mesenchymal stem cells express the surface markers CD90, CD105, and CD73 but do not express the leukocyte common antigen CD45.",news,gpt-5-nano,3
"(|QQQE) 2.2 In obese patients with T2DM requiring insulin therapy, we suggest adding at least one of the following: metformin, pramlintide, or GLP- agonists to mitigate associated weight gain due to insulin.","For individuals with type 2 diabetes and obesity who need insulin, we recommend incorporating metformin, pramlintide, or a GLP-1 receptor agonist to counteract insulin-induced weight increase.",paraphrase,gemini-3.1-flash-lite,1
"A woman who has large lips, suggesting a strong mating potential, with average length and width ratios will always be more attractive than a woman with narrow lips and average length and width ratios.","Individuals with fuller lips are consistently perceived as more appealing than those with thinner ones, regardless of other facial proportions.",paraphrase,gemini-3.1-flash-lite,1
"After randomization, 4 patients were lost to follow-up, all after month 18, and 1 withdrew due to an adverse event.","Following the assignment process, five individuals exited the study, with four dropping out past the eighteen-month mark and one departing because of a negative reaction.",paraphrase,gemini-3.1-flash-lite,1
"Although our analyses suggest that adherence to new ACC/AHA statin eligibility guidelines may prove beneficial for the reduction of future cardiovascular events compared with using the ATP III guidelines, the absolute event risk of statinnoneligible adults is not much lower with the ACC/AHA guidelines (1.0%) compared with the ATP III guidelines (2.4%), and the larger benefit may be that the ACC/AHA guidelines identify many more statin-eligible participants with a similarly high event rate as the ATP III guidelines (6.3% vs 6.9%).","While the updated ACC/AHA criteria offer a slight improvement in preventing heart-related issues over the older ATP III standards, their primary advantage lies in capturing a broader population of high-risk individuals who experience comparable incident rates.",paraphrase,gemini-3.1-flash-lite,1
"As expected, we identified sequence changes in the TP53 tumor suppressor gene, a wellknown driver gene in HGSOC, in all cases.","Every instance analyzed displayed mutations within the TP53 gene, a primary factor in the development of high-grade serous ovarian cancer.",paraphrase,gemini-3.1-flash-lite,1
"As racial inequities in educational opportunities decreased, near-work exposure may have increased relatively more in black participants than in white participants.",The narrowing gap in academic access likely led to a more pronounced rise in near-vision activities among Black individuals compared to their White counterparts.,paraphrase,gemini-3.1-flash-lite,1
"Based on these and other findings, we suggest that vocal learning and the ability to exercise volitional control over vocalization, particularly in a multimodal context, might have figured relatively early into the evolution of language, with some rudimentary capacity in place at the time of our last common ancestor with great apes.","Evidence indicates that the capacity for intentional sound production and vocal imitation likely emerged during the early stages of human evolution, potentially existing in a basic form within our shared primate lineage.",paraphrase,gemini-3.1-flash-lite,1
"Body nutrient content and trophic position explained little of the variation in E N , E P , or E NP , indicating limited applicability of basic predictors of EST.","Standard ecological indicators like dietary status and elemental composition failed to account for most fluctuations in nutrient efficiency, suggesting these metrics are insufficient for predicting stoichiometric requirements.",paraphrase,gemini-3.1-flash-lite,1
Buffering against acidification or inhibiting lactic acid production fully rescues circadian oscillation.,Neutralizing acidity or preventing the synthesis of lactate completely restores the rhythm of biological clocks.,paraphrase,gemini-3.1-flash-lite,1
"Flow cytometry analysis demonstrated that EC-MSCs expressed CD90, CD105, and CD73, while being negative for the leukocyte common antigen CD45.","The immunophenotypic profile of EC-MSCs, as revealed by flow cytometry, confirmed the presence of CD73, CD90, and CD105 markers alongside the absence of CD45.",paraphrase,gemini-3.1-flash-lite,1
"Furthermore, we observed excellent tumor accumulation of the nanoparticles.","In addition, the nanoparticles gathered efficiently in the tumor tissue.",paraphrase,gpt-5-nano,3
"Given these results, it is possible that TAF2 overexpression could increase transcription of C-SRC in some ovarian tumors.","The findings suggest that in certain ovarian cancer patients, increased TAF2 levels may enhance C-SRC gene transcription.",paraphrase,gpt-5-nano,3
"Hence, the identification of the relevant molecular mediators of this form of plasticity may offer novel therapeutic strategies to recover from deficits in perception, learning, and memory associated with a repertoire of diseases.","Pinpointing the key molecular signals behind this kind of plasticity may enable new treatments for widespread problems in perception, learning, and memory seen across many disorders.",paraphrase,gpt-5-nano,3
"Heritability estimates for behavioral traits, typically between 30% and 50%, are by far the largest effect sizes in psychological science.","Psychology research often finds that the biggest effect sizes come from heritability estimates for behavioral characteristics, usually landing between about 30% and 50%.",paraphrase,gpt-5-nano,3
"I/R also increased the release of cytochrome c and down-regulated the phosphorylation of PI3K, Akt and GSK-3β in the aging rat hearts.","In older rats, ischemia/reperfusion increased the release of cytochrome c and reduced the phosphorylation levels of PI3K, Akt, and GSK-3β in the heart.",paraphrase,gpt-5-nano,3
"If a birth is a positive life event, the happiness response to having a child may be strongest when the event is first experienced.","The birth of a baby is typically viewed as a joyful turning point, bringing the greatest happiness right when it occurs.",paraphrase,gpt-5-nano,3
Immunofluorescence analysis showed a high percentage of positive cells for OCT-4 and SSEA-1.,Immunofluorescence staining indicated that the majority of cells expressed OCT-4 and SSEA-1.,paraphrase,gpt-5-nano,3
"Importantly, this finding demonstrates that humans are not unique in combining longer-term personality biases with shorterterm mood biases in judging stimuli .","This result suggests that when individuals evaluate what they experience, they are not the only ones who combine enduring traits with momentary feelings.",paraphrase,gpt-5-nano,3
"In conclusion, these results demonstrate that exogenous H 2 S recovers PC-induced cardioprotection via inhibition of oxidative stress and up-regulation of PI3K-Akt-GSK-3β pathway in the aging rat hearts.","When hydrogen sulfide is supplied from outside, it prevents the decline of phosphatidylcholine’s protective effect in older rat hearts by reducing oxidative damage and enhancing the PI3K–Akt–GSK-3β signaling pathway.",paraphrase,gpt-5-nano,3
"In spite of its limitations, the present findings reveal indicators that may be useful for identifying children and adolescents at greater risk of psychiatric hospitalization as well as offer potential targets for individual and family intervention aimed at reducing the likelihood of requiring acute psychiatric services.","Despite some constraints, the results suggest possible markers for spotting children and teens who are more likely to be admitted for psychiatric reasons, and they could help develop customized strategies for patients and families to lower the chance of needing urgent psychiatric services.",paraphrase,gpt-5-nano,3
"Furthermore, we observed excellent tumor accumulation of the nanoparticles.","Additionally, the nanocarriers demonstrated remarkable efficiency in concentrating within the malignant tissue.",paraphrase,gemini-3.1-flash-lite,1
"Given these results, it is possible that TAF2 overexpression could increase transcription of C-SRC in some ovarian tumors.",These findings suggest that elevated levels of TAF2 might potentially enhance C-SRC gene expression within certain malignant ovarian growths.,paraphrase,gemini-3.1-flash-lite,1
"Hence, the identification of the relevant molecular mediators of this form of plasticity may offer novel therapeutic strategies to recover from deficits in perception, learning, and memory associated with a repertoire of diseases.",Discovering the specific biological components driving this adaptive process could lead to innovative treatments for restoring cognitive and sensory functions impaired by various medical conditions.,paraphrase,gemini-3.1-flash-lite,1
"Heritability estimates for behavioral traits, typically between 30% and 50%, are by far the largest effect sizes in psychological science.","Genetic influence on personality characteristics consistently represents the most significant factor identified within the field of psychology, generally accounting for nearly half of the observed variance.",paraphrase,gemini-3.1-flash-lite,1
"I/R also increased the release of cytochrome c and down-regulated the phosphorylation of PI3K, Akt and GSK-3β in the aging rat hearts.",Ischemia-reperfusion injury triggered cytochrome c discharge while simultaneously inhibiting the activation of the PI3K/Akt/GSK-3β signaling pathway within the cardiac tissue of older rats.,paraphrase,gemini-3.1-flash-lite,1
"If a birth is a positive life event, the happiness response to having a child may be strongest when the event is first experienced.",The initial arrival of a newborn typically generates the most intense feelings of joy for new parents.,paraphrase,gemini-3.1-flash-lite,1
Immunofluorescence analysis showed a high percentage of positive cells for OCT-4 and SSEA-1.,Microscopic examination revealed that a significant proportion of the cells expressed both OCT-4 and SSEA-1 markers.,paraphrase,gemini-3.1-flash-lite,1
"Importantly, this finding demonstrates that humans are not unique in combining longer-term personality biases with shorterterm mood biases in judging stimuli .",This discovery highlights that people share the tendency to evaluate information by integrating both enduring character traits and fleeting emotional states with other species.,paraphrase,gemini-3.1-flash-lite,1
"In conclusion, these results demonstrate that exogenous H 2 S recovers PC-induced cardioprotection via inhibition of oxidative stress and up-regulation of PI3K-Akt-GSK-3β pathway in the aging rat hearts.","Ultimately, the data indicate that external hydrogen sulfide restores heart-protective mechanisms in older rats by suppressing oxidative damage and activating the PI3K-Akt-GSK-3β signaling cascade.",paraphrase,gemini-3.1-flash-lite,1
"In spite of its limitations, the present findings reveal indicators that may be useful for identifying children and adolescents at greater risk of psychiatric hospitalization as well as offer potential targets for individual and family intervention aimed at reducing the likelihood of requiring acute psychiatric services.","Although this study has constraints, the results highlight markers that could help pinpoint youths prone to mental health crises and suggest areas for therapeutic focus to decrease the need for emergency care.",paraphrase,gemini-3.1-flash-lite,1
"In the same period, animal feed imports have increased 49 times, total ammonia and GHG emissions to the atmosphere doubled, and nitrogen losses to watercourses tripled.","During that same timeframe, animal feed imports rose 49-fold, ammonia and greenhouse gas releases increased twofold, and nitrogen pollution flowing into waterways tripled.",paraphrase,gpt-5-nano,3
"LY294002 (a PI3K inhibitor) abolished but N-acetyl-cysteine (NAC, an inhibitor of reactive oxygen species, ROS) further enhanced the protective role of H 2 S against I/R induced myocardial damage in the aging hearts.","Even though LY294002 blocked the protective effect of H2S, adding N-acetylcysteine, which lowers reactive oxygen species, strengthened H2S-mediated protection of aged hearts from ischemia/reperfusion injury.",paraphrase,gpt-5-nano,3
Meaning Reducing exposures of pregnant women to environmental nitric oxide may be associated with a reduction in autism spectrum disorder incidence in their children.,Lowering pregnant women’s contact with environmental nitrogen monoxide could be linked to a reduced chance that their children develop autism spectrum disorder.,paraphrase,gpt-5-nano,3
Mindfulness research in general could benefit from employing the SOBC experimental medicine approach.,Using the SOBC experimental medicine framework can typically improve research into mindfulness.,paraphrase,gpt-5-nano,3
Multivariable population-attributable risk proportions were 14.2% for deployment within the first 12 months of service and 4.0% for DT of 6 months or less.,"In the first year after implementation, the multivariable population-attributable risk fraction was 14.2%, but it decreased to 4.0% when the DT duration was limited to six months or less.",paraphrase,gpt-5-nano,3
Our data show that social engagement in zebrafish requires a behavioral visual stimulus provided by another socially engaged fish.,Our findings indicate that zebrafish social interactions depend on a visual cue generated by another fish that is currently engaged with them.,paraphrase,gpt-5-nano,3
Our findings suggest that screening could be beneficial in patients with neuropathy.,The results indicate that people with neuropathy may gain from undergoing diagnostic evaluations.,paraphrase,gpt-5-nano,3
Our results support the hypothesis that female mate choice could have driven the evolution of larger penises in humans.,Our findings suggest that women’s mate preferences could have contributed to the development of larger penises in humans.,paraphrase,gpt-5-nano,3
Our strategy may provide an approach to improving the therapeutic indices of aptamer-based medicines.,This strategy could enhance the effectiveness of therapies made from aptamers.,paraphrase,gpt-5-nano,3
"Over a third (42.4%) of students prescribed a short-acting β2-agonist inhaler felt uncomfortable using it at school, and 29.2% (n = 173) reported not using this inhaler when wheezy.","Of the students who were given a short-acting β2-agonist inhaler, 42.4% felt uneasy using it during school hours, and 29.2% (n=173) reported that they did not use it when they were wheezing.",paraphrase,gpt-5-nano,3
"In the same period, animal feed imports have increased 49 times, total ammonia and GHG emissions to the atmosphere doubled, and nitrogen losses to watercourses tripled.","During this timeframe, the volume of imported livestock sustenance surged forty-nine-fold, while atmospheric pollutants and nitrogen runoff into aquatic systems rose by factors of two and three, respectively.",paraphrase,gemini-3.1-flash-lite,1
"LY294002 (a PI3K inhibitor) abolished but N-acetyl-cysteine (NAC, an inhibitor of reactive oxygen species, ROS) further enhanced the protective role of H 2 S against I/R induced myocardial damage in the aging hearts.","While the PI3K blocker LY294002 negated the heart-saving effects of hydrogen sulfide during ischemia-reperfusion injury in older subjects, the antioxidant NAC actually strengthened this therapeutic benefit.",paraphrase,gemini-3.1-flash-lite,1
Meaning Reducing exposures of pregnant women to environmental nitric oxide may be associated with a reduction in autism spectrum disorder incidence in their children.,Lowering expectant mothers' contact with atmospheric nitric oxide could potentially decrease the prevalence of autism in their offspring.,paraphrase,gemini-3.1-flash-lite,1
Mindfulness research in general could benefit from employing the SOBC experimental medicine approach.,Adopting the SOBC experimental medicine framework would significantly enhance the quality of studies focused on mindfulness.,paraphrase,gemini-3.1-flash-lite,1
Multivariable population-attributable risk proportions were 14.2% for deployment within the first 12 months of service and 4.0% for DT of 6 months or less.,"Adjusting for multiple variables, the estimated impact on population risk was 14.2% for those deployed during their initial year of duty and 4.0% for individuals with a deployment duration of half a year or fewer.",paraphrase,gemini-3.1-flash-lite,1
Our data show that social engagement in zebrafish requires a behavioral visual stimulus provided by another socially engaged fish.,Research indicates that zebrafish necessitate visual cues from active peers to initiate communal interaction.,paraphrase,gemini-3.1-flash-lite,1
Our findings suggest that screening could be beneficial in patients with neuropathy.,The results indicate that individuals suffering from nerve damage might gain advantages from undergoing diagnostic evaluations.,paraphrase,gemini-3.1-flash-lite,1
Our results support the hypothesis that female mate choice could have driven the evolution of larger penises in humans.,The findings suggest that sexual selection by women likely influenced the development of increased penile size throughout human history.,paraphrase,gemini-3.1-flash-lite,1
Our strategy may provide an approach to improving the therapeutic indices of aptamer-based medicines.,This methodology could potentially enhance the safety and efficacy profiles of treatments utilizing aptamers.,paraphrase,gemini-3.1-flash-lite,1
"Over a third (42.4%) of students prescribed a short-acting β2-agonist inhaler felt uncomfortable using it at school, and 29.2% (n = 173) reported not using this inhaler when wheezy.","A significant portion of pupils requiring rescue inhalers expressed reluctance to utilize them on campus, with nearly thirty percent admitting to avoiding their medication even during respiratory distress.",paraphrase,gemini-3.1-flash-lite,1
Promotion of lactation may be an effective tool for reducing occurrence of the subtypes that contribute disproportionately to breast cancer mortality.,Encouraging breastfeeding could lower the incidence of breast cancer types that account for a large share of deaths.,paraphrase,gpt-5-nano,3
RNA sequencing expression profiling revealed that expression of 456 identified genes was significantly changed in the tumor due to walnut consumption.,RNA sequencing showed that eating walnuts caused a significant alteration in the activity of 456 genes in tumor tissues.,paraphrase,gpt-5-nano,3
"Rather, we suggest that cheetah chases comprise two primary phases: (i) an initial rapid acceleration resulting in high speed to quickly catch up with prey, followed by (ii) a prey-specific slowing period that enables the cheetah to match turns instigated by prey as the distance between them closes.","We propose that a cheetah’s pursuit happens in two stages: first, a brief burst of fast acceleration to reach top speed and close the gap, then a deceleration that adjusts to the prey’s maneuvers so the cheetah can follow its turns as it gets nearer.",paraphrase,gpt-5-nano,3
"Results suggest that the KFRE could be incorporated into the clinical care of children with CKD to aid in anticipatory guidance, timing of referral for transplant evaluation, and planning for dialysis access.","The findings indicate that KFRE could assist healthcare providers in caring for children with CKD by offering early counseling, determining when to refer for transplantation, and helping plan dialysis access.",paraphrase,gpt-5-nano,3
Such ubiquitous BP monitoring may improve hypertension awareness and control rates and thereby help reduce the incidence of cardiovascular disease and mortality.,"Widespread blood pressure screening can increase public awareness and improve management of hypertension, which may lower the rates of heart and vascular disease and deaths.",paraphrase,gpt-5-nano,3
"Supply of NaHS not only increased PC-induced cardioprotection in the young hearts, but also lightened I/R induced-myocardial damage and significantly recovered the cardioprotective role of PC against I/R induced myocardial damage in the aging hearts.","Giving NaHS enhanced the ability of PC to protect young hearts, reduced injury caused by I/R, and significantly restored PC-dependent cardioprotection in older hearts.",paraphrase,gpt-5-nano,3
"Taken together, these results suggest that this method of complying with a sugary-drink portion limit could have the perverse effect of increasing consumption.","Overall, the findings indicate that limiting the number of sugary drinks people are allowed to buy might unintentionally lead them to drink more.",paraphrase,gpt-5-nano,3
"The biggest spike in Monterrey (7,027 tweets) occurred on August 25, 2011, the day of an attack at a casino where 53 people were killed .","On August 25, 2011, Monterrey reached its highest level of online posting—7,027 messages—at the same time as a casino attack that resulted in 53 deaths.",paraphrase,gpt-5-nano,3
The current study is the first to demonstrate that HS students are using e-cigarettes to vaporize cannabis.,This research is the first to show that high school students are using cannabis vape products.,paraphrase,gpt-5-nano,3
"The effects of type 2 diabetes and poor metabolic health at midlife, and the impact of accrual of cerebrovascular lesions at older age, both deserve further study to inform preventative efforts against dementia.","Further research is needed to clarify how midlife type 2 diabetes and metabolic problems, along with the gradual buildup of vascular brain injury in later years, contribute to dementia, in order to improve prevention strategies.",paraphrase,gpt-5-nano,3
Promotion of lactation may be an effective tool for reducing occurrence of the subtypes that contribute disproportionately to breast cancer mortality.,Encouraging breastfeeding could serve as a powerful strategy to lower the prevalence of aggressive breast cancer variants linked to higher death rates.,paraphrase,gemini-3.1-flash-lite,1
RNA sequencing expression profiling revealed that expression of 456 identified genes was significantly changed in the tumor due to walnut consumption.,Transcriptomic analysis demonstrated that eating walnuts led to substantial alterations in the activity of 456 specific genes within the cancerous tissue.,paraphrase,gemini-3.1-flash-lite,1
"Rather, we suggest that cheetah chases comprise two primary phases: (i) an initial rapid acceleration resulting in high speed to quickly catch up with prey, followed by (ii) a prey-specific slowing period that enables the cheetah to match turns instigated by prey as the distance between them closes.","We propose that cheetah hunts consist of a swift burst of speed to bridge the gap, succeeded by a deceleration phase that allows the predator to mirror the evasive maneuvers of its target.",paraphrase,gemini-3.1-flash-lite,1
"Results suggest that the KFRE could be incorporated into the clinical care of children with CKD to aid in anticipatory guidance, timing of referral for transplant evaluation, and planning for dialysis access.","Integrating the KFRE into pediatric nephrology practice can assist clinicians in preparing for kidney replacement therapy, scheduling surgical interventions, and providing families with proactive long-term management strategies.",paraphrase,gemini-3.1-flash-lite,1
Such ubiquitous BP monitoring may improve hypertension awareness and control rates and thereby help reduce the incidence of cardiovascular disease and mortality.,"Widespread tracking of blood pressure could enhance the detection and management of high blood pressure, ultimately lowering heart-related illnesses and death.",paraphrase,gemini-3.1-flash-lite,1
"Supply of NaHS not only increased PC-induced cardioprotection in the young hearts, but also lightened I/R induced-myocardial damage and significantly recovered the cardioprotective role of PC against I/R induced myocardial damage in the aging hearts.",Administering NaHS enhanced ischemic preconditioning benefits in youthful cardiac tissue while simultaneously mitigating injury and restoring protective mechanisms in older hearts subjected to ischemia-reperfusion.,paraphrase,gemini-3.1-flash-lite,1
"Taken together, these results suggest that this method of complying with a sugary-drink portion limit could have the perverse effect of increasing consumption.","Collectively, the findings indicate that adhering to these beverage volume restrictions might paradoxically lead individuals to ingest more sugar.",paraphrase,gemini-3.1-flash-lite,1
"The biggest spike in Monterrey (7,027 tweets) occurred on August 25, 2011, the day of an attack at a casino where 53 people were killed .","On August 25, 2011, Monterrey experienced its highest volume of social media activity, totaling over 7,000 posts, following a deadly casino assault that claimed 53 lives.",paraphrase,gemini-3.1-flash-lite,1
The current study is the first to demonstrate that HS students are using e-cigarettes to vaporize cannabis.,This research provides the initial evidence that high schoolers are utilizing electronic nicotine delivery systems to consume marijuana.,paraphrase,gemini-3.1-flash-lite,1
"The effects of type 2 diabetes and poor metabolic health at midlife, and the impact of accrual of cerebrovascular lesions at older age, both deserve further study to inform preventative efforts against dementia.",Future research should investigate how midlife metabolic issues and the development of brain blood vessel damage in later years contribute to cognitive decline to better guide dementia prevention strategies.,paraphrase,gemini-3.1-flash-lite,1
"The higher the warming level is, the larger is the increase of burned area, ranging from~40% to~100% across the scenarios.","As temperatures rise further, the burned land area is projected to grow as well, potentially increasing by roughly 40% up to doubling in some cases.",paraphrase,gpt-5-nano,3
"The total number of amputations amounted to 2,832, of which 1,285 were among individuals with diabetes and 1,547 among individuals without diabetes.","In total, 2,832 amputations were carried out: 1,285 in people with diabetes and 1,547 in people without diabetes.",paraphrase,gpt-5-nano,3
The unexpected morphology suggests that the role of the magnetic field in the accretion of a T Tauri star is more complex than our current theoretical understanding.,This surprising setup suggests that the influence of a magnetic field on material accreting onto a T Tauri star is likely more complex than existing theories indicate.,paraphrase,gpt-5-nano,3
The variation of the composition of the oxides allows tailoring the Li-storage properties of the active material.,"By changing the composition of the oxide, you can adjust how the active material stores lithium.",paraphrase,gpt-5-nano,3
These findings suggest new therapeutic options for clinical populations that receive little benefit from conventional sensory rehabilitation strategies.,These results indicate that there are successful treatment approaches for patient groups that typically do not benefit from standard sensory therapy.,paraphrase,gpt-5-nano,3
"These findings suggest that patients with AVH have the ability to alter activity and connectivity in speech and language regions, and raise the possibility that rtfMRI-NF training could present a novel therapeutic intervention in SCZ.","Overall, the results indicate that individuals with AVH can modulate brain activity and communication within speech and language networks, suggesting that rtfMRI-NF training may offer a valuable treatment approach for schizophrenia.",paraphrase,gpt-5-nano,3
These models suggest opossum expansion may be facilitated by agricultural land development and at the same time be limited by their inability to forage in snow.,"The results indicate that increasing farmland could allow opossums to colonize additional areas, while heavy snowfall probably restricts their expansion by reducing access to sufficient food.",paraphrase,gpt-5-nano,3
These results suggest that processing juveniles in the adult system may not uniformly increase offending and may reduce offending in some circumstances.,The findings indicate that placing juvenile offenders in adult correctional facilities does not consistently raise crime levels and may sometimes lower them.,paraphrase,gpt-5-nano,3
"This is despite climate change and anthropogenic transformations of local flora and fauna, including changes in agricultural practices , which might have favored the introduction of landraces from other regions that were better adapted to the changing agricultural environment.","Even with climate shifts and human-driven alterations to local habitats, such as changes in farming methods, imported landraces might still have established themselves if they were well suited to the updated agricultural conditions.",paraphrase,gpt-5-nano,3
This study demonstrated that a viable stem cell population can be isolated and expanded from equine cadaver ligaments up to 72 hours post-mortem.,"Researchers reported that stem cells with viable, functional capacity could be recovered from ligaments of dead horses and kept alive in lab conditions for as long as three days after death.",paraphrase,gpt-5-nano,3
"The higher the warming level is, the larger is the increase of burned area, ranging from~40% to~100% across the scenarios.","Escalating global temperatures correlate with a significant expansion of scorched land, with projections indicating growth between roughly 40% and 100% depending on the climate model.",paraphrase,gemini-3.1-flash-lite,1
"The total number of amputations amounted to 2,832, of which 1,285 were among individuals with diabetes and 1,547 among individuals without diabetes.","Out of 2,832 surgical removals of limbs, 1,285 patients suffered from diabetes while 1,547 did not.",paraphrase,gemini-3.1-flash-lite,1
The unexpected morphology suggests that the role of the magnetic field in the accretion of a T Tauri star is more complex than our current theoretical understanding.,The unusual physical structure indicates that existing models fail to fully capture the intricate influence of magnetic forces on how T Tauri stars gather matter.,paraphrase,gemini-3.1-flash-lite,1
The variation of the composition of the oxides allows tailoring the Li-storage properties of the active material.,Adjusting the chemical makeup of these oxides enables the optimization of how the substance retains lithium.,paraphrase,gemini-3.1-flash-lite,1
These findings suggest new therapeutic options for clinical populations that receive little benefit from conventional sensory rehabilitation strategies.,The results indicate potential alternative treatments for patients who fail to improve through standard sensory therapy methods.,paraphrase,gemini-3.1-flash-lite,1
"These findings suggest that patients with AVH have the ability to alter activity and connectivity in speech and language regions, and raise the possibility that rtfMRI-NF training could present a novel therapeutic intervention in SCZ.","The results indicate that individuals experiencing auditory verbal hallucinations can modulate neural patterns in linguistic areas, implying that real-time functional magnetic resonance imaging neurofeedback might serve as an innovative treatment for schizophrenia.",paraphrase,gemini-3.1-flash-lite,1
These models suggest opossum expansion may be facilitated by agricultural land development and at the same time be limited by their inability to forage in snow.,"Research indicates that while farming activities might encourage the spread of opossums, their struggle to find food in wintry conditions acts as a barrier to their range.",paraphrase,gemini-3.1-flash-lite,1
These results suggest that processing juveniles in the adult system may not uniformly increase offending and may reduce offending in some circumstances.,The data indicate that trying minors as adults does not consistently lead to higher recidivism rates and might even decrease future criminal activity under specific conditions.,paraphrase,gemini-3.1-flash-lite,1
"This is despite climate change and anthropogenic transformations of local flora and fauna, including changes in agricultural practices , which might have favored the introduction of landraces from other regions that were better adapted to the changing agricultural environment.","Even with environmental shifts and human-driven ecological alterations—such as modified farming methods—that could have encouraged the adoption of more suitable non-native crop varieties, these traditional plants have persisted.",paraphrase,gemini-3.1-flash-lite,1
This study demonstrated that a viable stem cell population can be isolated and expanded from equine cadaver ligaments up to 72 hours post-mortem.,Research indicates that functional stem cells remain harvestable and capable of proliferation from horse ligament tissue for as long as three days after death.,paraphrase,gemini-3.1-flash-lite,1
"Thus, all 3 versions of DBT were comparably effective at reducing suicidality among individuals at high risk for suicide.","Consequently, all three DBT methods were shown to lessen suicidal thoughts and behaviors with similar results for people who were at high risk.",paraphrase,gpt-5-nano,3
"Thus, investigations of the neurochemistry of social bonding in humans, for which this study provides initial evidence, are warranted.","Therefore, it makes sense to study the brain chemistry behind human attachment, and the current findings offer early support for this approach.",paraphrase,gpt-5-nano,3
"Together, these results appear to suggest that avoiding car driving may be beneficial to wellbeing.","Taken together, the findings indicate that not driving could improve people’s overall well-being.",paraphrase,gpt-5-nano,3
We also demonstrate a two-qubit holonomic gate to show universality by manipulating the electron−nucleus entanglement.,We again demonstrate universality by implementing a two-qubit holonomic operation through electron–nuclear entanglement manipulation.,paraphrase,gpt-5-nano,3
"We propose that the increased expression of Munc13-4 in cancer cells after epithelial-to-mesenchymal transition combined with increased Ca 2+ uptake drives enhanced exosome release by highly aggressive cancer cells, and that Munc13-4 is a potential target for therapeutic intervention.","Following epithelial-to-mesenchymal transition, cancer cells raise Munc13-4 levels and Ca²⁺ entry, and together these effects boost exosome secretion in highly aggressive tumors, indicating that Munc13-4 could be a valuable treatment target.",paraphrase,gpt-5-nano,3
"We show that mitochondrial dysfunctions altered the hypothalamicpituitary-adrenal axis, sympathetic adrenal-medullary activation and catecholamine levels, the inflammatory cytokine IL-6, circulating metabolites, and hippocampal gene expression responses to stress.","We demonstrate that impaired mitochondrial function disrupts the hypothalamic–pituitary–adrenal axis, enhances sympathetic adrenal–medullary activity and catecholamine production, increases the inflammatory cytokine IL-6, alters blood metabolite profiles, and changes stress-related gene expression in the hippocampus.",paraphrase,gpt-5-nano,3
We show that this single meal had an overall and long-lasting impact.,We demonstrate that consuming a single meal produced effects that persisted over an extended time.,paraphrase,gpt-5-nano,3
"We suggest that humans notice when magpies occasionally pick up shiny objects because they believe the birds find them attractive, while it goes unnoticed when magpies interact with less eye-catching items.","We propose that people pay attention to magpies when they pick up reflective objects because they assume the birds are drawn to them, whereas similar behavior involving dull items is less noticeable.",paraphrase,gpt-5-nano,3
"With efficient product use and harvesting, more CO 2 is saved in the avoided emissions, products, and wood energy than is lost instantaneously from the harvested forest.","By using products effectively and sourcing materials responsibly, the carbon prevented by lower emissions, delaying replacement, and using wood-based energy will exceed the carbon emitted when the forest is cut.",paraphrase,gpt-5-nano,3
"Within 1 year, 845 patients died and 385 were rehospitalized for MI.","Over the course of a year, 845 people died, and 385 patients were readmitted due to myocardial infarction.",paraphrase,gpt-5-nano,3
"Thus, all 3 versions of DBT were comparably effective at reducing suicidality among individuals at high risk for suicide.",Every iteration of this therapy demonstrated a similar capacity to lower suicidal tendencies in vulnerable populations.,paraphrase,gemini-3.1-flash-lite,1
"Thus, investigations of the neurochemistry of social bonding in humans, for which this study provides initial evidence, are warranted.","Consequently, this research offers preliminary support for the necessity of further exploring the biological mechanisms underlying human interpersonal connections.",paraphrase,gemini-3.1-flash-lite,1
"Together, these results appear to suggest that avoiding car driving may be beneficial to wellbeing.",The collective findings imply that refraining from operating a vehicle could enhance one's overall quality of life.,paraphrase,gemini-3.1-flash-lite,1
We also demonstrate a two-qubit holonomic gate to show universality by manipulating the electron−nucleus entanglement.,"By adjusting the interaction between electron and nuclear spins, we establish a universal two-qubit holonomic operation.",paraphrase,gemini-3.1-flash-lite,1
"We propose that the increased expression of Munc13-4 in cancer cells after epithelial-to-mesenchymal transition combined with increased Ca 2+ uptake drives enhanced exosome release by highly aggressive cancer cells, and that Munc13-4 is a potential target for therapeutic intervention.","Elevated Munc13-4 levels following the epithelial-to-mesenchymal transition, alongside greater calcium absorption, appear to stimulate heightened exosome secretion in malignant tumors, suggesting this protein could serve as a viable clinical treatment target.",paraphrase,gemini-3.1-flash-lite,1
"We show that mitochondrial dysfunctions altered the hypothalamicpituitary-adrenal axis, sympathetic adrenal-medullary activation and catecholamine levels, the inflammatory cytokine IL-6, circulating metabolites, and hippocampal gene expression responses to stress.","Impaired mitochondrial performance disrupts stress-related hormonal pathways, inflammatory markers, metabolic profiles, and neurological gene activity.",paraphrase,gemini-3.1-flash-lite,1
We show that this single meal had an overall and long-lasting impact.,Our findings demonstrate that consuming this one portion resulted in a significant and enduring effect.,paraphrase,gemini-3.1-flash-lite,1
"We suggest that humans notice when magpies occasionally pick up shiny objects because they believe the birds find them attractive, while it goes unnoticed when magpies interact with less eye-catching items.","People tend to fixate on magpies collecting lustrous trinkets due to a perceived preference for glitter, ignoring the frequent times these creatures engage with duller materials.",paraphrase,gemini-3.1-flash-lite,1
"With efficient product use and harvesting, more CO 2 is saved in the avoided emissions, products, and wood energy than is lost instantaneously from the harvested forest.",Sustainable timber management and the utilization of wood-based goods result in a net reduction of atmospheric carbon by offsetting more emissions than are released during the initial logging process.,paraphrase,gemini-3.1-flash-lite,1
"Within 1 year, 845 patients died and 385 were rehospitalized for MI.","Over a twelve-month period, 845 individuals passed away, while 385 required readmission due to myocardial infarction.",paraphrase,gemini-3.1-flash-lite,1
"(|QQQE) 2.2 In obese patients with T2DM requiring insulin therapy, we suggest adding at least one of the following: metformin, pramlintide, or GLP- agonists to mitigate associated weight gain due to insulin.","For overweight adults with type 2 diabetes who need insulin, we recommend incorporating at least one of metformin, pramlintide, or a GLP-1 receptor agonist to reduce the likelihood of gaining weight from insulin therapy.",paraphrase,gpt-5-nano,3
"A woman who has large lips, suggesting a strong mating potential, with average length and width ratios will always be more attractive than a woman with narrow lips and average length and width ratios.","A woman whose lips are naturally fuller, which can signal greater reproductive appeal, is typically rated as more attractive than a woman with thinner lips when their other facial proportions are similar.",paraphrase,gpt-5-nano,3
"After randomization, 4 patients were lost to follow-up, all after month 18, and 1 withdrew due to an adverse event.","Following random assignment, four participants were unavailable for evaluation at the 18-month follow-up, and an additional individual withdrew after experiencing an adverse event.",paraphrase,gpt-5-nano,3
"Although our analyses suggest that adherence to new ACC/AHA statin eligibility guidelines may prove beneficial for the reduction of future cardiovascular events compared with using the ATP III guidelines, the absolute event risk of statinnoneligible adults is not much lower with the ACC/AHA guidelines (1.0%) compared with the ATP III guidelines (2.4%), and the larger benefit may be that the ACC/AHA guidelines identify many more statin-eligible participants with a similarly high event rate as the ATP III guidelines (6.3% vs 6.9%).","The findings indicate that applying the newer ACC/AHA criteria for statin use would avert a greater number of future cardiovascular events than the earlier ATP III approach, even though the absolute event rates among those not selected differ only slightly (1.0% vs 2.4%), and the main advantage is that ACC/AHA identifies substantially more people as eligible with risk levels comparable to those chosen under ATP III (6.3% vs 6.9%).",paraphrase,gpt-5-nano,3
"As expected, we identified sequence changes in the TP53 tumor suppressor gene, a wellknown driver gene in HGSOC, in all cases.","As anticipated, we observed alterations in the TP53 tumor-suppressor gene, which plays a key role in HGSOC, across every sample.",paraphrase,gpt-5-nano,3
"As racial inequities in educational opportunities decreased, near-work exposure may have increased relatively more in black participants than in white participants.","When opportunities for education became more balanced, Black participants probably spent more additional time on tasks requiring close attention than White participants did.",paraphrase,gpt-5-nano,3
"Based on these and other findings, we suggest that vocal learning and the ability to exercise volitional control over vocalization, particularly in a multimodal context, might have figured relatively early into the evolution of language, with some rudimentary capacity in place at the time of our last common ancestor with great apes.","Taking these results together with further observations, we conclude that the capacity to acquire vocal signals and to deliberately produce speech—especially when combined with other forms of communication—emerged early in language evolution, with the key underlying abilities already existing in the common ancestor of today’s great apes.",paraphrase,gpt-5-nano,3
"Body nutrient content and trophic position explained little of the variation in E N , E P , or E NP , indicating limited applicability of basic predictors of EST.","Differences in nutrient levels inside organisms and their trophic position account for only a minor share of the variation in E N , E P , and E NP , suggesting that simple predictors of EST are not very effective.",paraphrase,gpt-5-nano,3
Buffering against acidification or inhibiting lactic acid production fully rescues circadian oscillation.,"If acid buildup is prevented or lactate generation is completely stopped, the body’s usual day-to-day biological cycles resume.",paraphrase,gpt-5-nano,3
"Flow cytometry analysis demonstrated that EC-MSCs expressed CD90, CD105, and CD73, while being negative for the leukocyte common antigen CD45.","Flow cytometry showed that EC-MSCs carried CD90, CD105, and CD73 but lacked the leukocyte marker CD45.",paraphrase,gpt-5-nano,3
